company_name,website,location,industry,employee_count,vertical,score,qualified,summary,has_hiring,has_funding,has_social,hiring_role_count,hiring_recency_days,funding_round,funding_amount,funding_recency_days,signal_count,signal_sources,signal_types,contact_name,contact_role,email,linkedin_url,latest_signal_date,latest_signal_source,latest_signal_url,latest_signal_snippet,all_signal_urls,created_at
Accenture,,Bengaluru,,,recruitment,35,No,Hiring 112 role(s) (2d ago),Yes,No,No,112,2,,,,112,naukri,hiring_post,,,,,2026-05-29,naukri,https://www.naukri.com/job-listings-custom-software-engineer-accenture-solutions-pvt-ltd-gurugram-5-to-10-years-290526915994,Custom Software Engineer,https://www.naukri.com/job-listings-custom-software-engineer-accenture-solutions-pvt-ltd-gurugram-5-to-10-years-290526915994 | https://www.naukri.com/job-listings-custom-software-engineer-accenture-solutions-pvt-ltd-mumbai-7-to-12-years-290526915974 | https://www.naukri.com/job-listings-custom-software-engineer-accenture-solutions-pvt-ltd-gurugram-5-to-10-years-290526915956 | https://www.naukri.com/job-listings-custom-software-engineer-accenture-solutions-pvt-ltd-gurugram-7-to-12-years-290526915934 | https://www.naukri.com/job-listings-custom-software-engineer-accenture-solutions-pvt-ltd-bengaluru-5-to-10-years-290526915929 | https://www.naukri.com/job-listings-custom-software-engineer-accenture-solutions-pvt-ltd-bengaluru-3-to-8-years-290526915913 | https://www.naukri.com/job-listings-custom-software-engineer-accenture-solutions-pvt-ltd-gurugram-8-to-13-years-290526915898 | https://www.naukri.com/job-listings-custom-software-engineer-accenture-solutions-pvt-ltd-bengaluru-3-to-8-years-290526915891 | https://www.naukri.com/job-listings-custom-software-engineer-accenture-solutions-pvt-ltd-bengaluru-5-to-10-years-290526915876 | https://www.naukri.com/job-listings-custom-software-engineer-accenture-solutions-pvt-ltd-bengaluru-3-to-8-years-290526915854 | https://www.naukri.com/job-listings-custom-software-engineer-accenture-solutions-pvt-ltd-bengaluru-5-to-10-years-290526915856 | https://www.naukri.com/job-listings-custom-software-engineer-accenture-solutions-pvt-ltd-bengaluru-7-to-12-years-290526915850 | https://www.naukri.com/job-listings-custom-software-engineer-accenture-solutions-pvt-ltd-mumbai-5-to-10-years-290526915847 | https://www.naukri.com/job-listings-custom-software-engineer-accenture-solutions-pvt-ltd-bengaluru-5-to-10-years-290526915842 | https://www.naukri.com/job-listings-custom-software-engineer-accenture-solutions-pvt-ltd-bengaluru-5-to-10-years-290526915834 | https://www.naukri.com/job-listings-custom-software-engineer-accenture-solutions-pvt-ltd-bengaluru-5-to-10-years-290526915833 | https://www.naukri.com/job-listings-custom-software-engineer-accenture-solutions-pvt-ltd-bengaluru-3-to-8-years-290526915811 | https://www.naukri.com/job-listings-custom-software-engineer-accenture-solutions-pvt-ltd-bengaluru-3-to-8-years-290526915802 | https://www.naukri.com/job-listings-custom-software-engineer-accenture-solutions-pvt-ltd-bengaluru-5-to-10-years-290526915775 | https://www.naukri.com/job-listings-custom-software-engineer-accenture-solutions-pvt-ltd-bengaluru-6-to-11-years-290526915767 | https://www.naukri.com/job-listings-custom-software-engineer-accenture-solutions-pvt-ltd-bengaluru-3-to-8-years-290526915763 | https://www.naukri.com/job-listings-custom-software-engineer-accenture-solutions-pvt-ltd-bengaluru-3-to-8-years-290526915759 | https://www.naukri.com/job-listings-custom-software-engineer-accenture-solutions-pvt-ltd-bengaluru-7-to-12-years-290526915739 | https://www.naukri.com/job-listings-custom-software-engineer-accenture-solutions-pvt-ltd-bengaluru-5-to-10-years-290526915740 | https://www.naukri.com/job-listings-custom-software-engineer-accenture-solutions-pvt-ltd-bengaluru-5-to-10-years-290526915726 | https://www.naukri.com/job-listings-custom-software-engineer-accenture-solutions-pvt-ltd-bengaluru-7-to-12-years-290526915722 | https://www.naukri.com/job-listings-custom-software-engineer-accenture-solutions-pvt-ltd-bengaluru-12-to-17-years-290526915702 | https://www.naukri.com/job-listings-custom-software-engineer-accenture-solutions-pvt-ltd-bengaluru-5-to-10-years-290526915688 | https://www.naukri.com/job-listings-custom-software-engineer-accenture-solutions-pvt-ltd-bengaluru-5-to-10-years-290526915664 | https://www.naukri.com/job-listings-custom-software-engineer-accenture-solutions-pvt-ltd-bengaluru-5-to-10-years-290526915661 | https://www.naukri.com/job-listings-custom-software-engineer-accenture-solutions-pvt-ltd-bengaluru-5-to-10-years-290526915659 | https://www.naukri.com/job-listings-custom-software-engineer-accenture-solutions-pvt-ltd-bengaluru-1-to-6-years-290526915660 | https://www.naukri.com/job-listings-custom-software-engineer-accenture-solutions-pvt-ltd-bengaluru-3-to-8-years-290526915644 | https://www.naukri.com/job-listings-custom-software-engineer-accenture-solutions-pvt-ltd-bengaluru-5-to-10-years-290526915642 | https://www.naukri.com/job-listings-custom-software-engineer-accenture-solutions-pvt-ltd-bengaluru-7-to-12-years-290526915638 | https://www.naukri.com/job-listings-custom-software-engineer-accenture-solutions-pvt-ltd-bengaluru-5-to-10-years-290526915637 | https://www.naukri.com/job-listings-custom-software-engineer-accenture-solutions-pvt-ltd-bengaluru-5-to-10-years-290526915635 | https://www.naukri.com/job-listings-custom-software-engineer-accenture-solutions-pvt-ltd-bengaluru-7-to-12-years-290526915634 | https://www.naukri.com/job-listings-custom-software-engineer-accenture-solutions-pvt-ltd-bengaluru-5-to-10-years-290526915624 | https://www.naukri.com/job-listings-custom-software-engineer-accenture-solutions-pvt-ltd-bengaluru-3-to-8-years-290526915615 | https://www.naukri.com/job-listings-custom-software-engineer-accenture-solutions-pvt-ltd-bengaluru-3-to-8-years-290526915608 | https://www.naukri.com/job-listings-custom-software-engineer-accenture-solutions-pvt-ltd-bengaluru-3-to-8-years-290526915600 | https://www.naukri.com/job-listings-custom-software-engineer-accenture-solutions-pvt-ltd-bengaluru-5-to-10-years-290526915584 | https://www.naukri.com/job-listings-custom-software-engineer-accenture-solutions-pvt-ltd-bengaluru-7-to-12-years-290526915580 | https://www.naukri.com/job-listings-custom-software-engineer-accenture-solutions-pvt-ltd-bengaluru-3-to-8-years-290526915572 | https://www.naukri.com/job-listings-custom-software-engineer-accenture-solutions-pvt-ltd-gurugram-2-to-7-years-290526915285 | https://www.naukri.com/job-listings-custom-software-engineer-accenture-solutions-pvt-ltd-gurugram-5-to-10-years-290526906787 | https://www.naukri.com/job-listings-custom-software-engineer-accenture-solutions-pvt-ltd-mumbai-5-to-10-years-290526906663 | https://www.naukri.com/job-listings-custom-software-engineer-accenture-solutions-pvt-ltd-mumbai-3-to-8-years-290526906641 | https://www.naukri.com/job-listings-custom-software-engineer-accenture-solutions-pvt-ltd-mumbai-15-to-20-years-290526906553 | https://www.naukri.com/job-listings-custom-software-engineer-accenture-solutions-pvt-ltd-mumbai-12-to-17-years-290526906483 | https://www.naukri.com/job-listings-custom-software-engineer-accenture-solutions-pvt-ltd-mumbai-2-to-5-years-280526922532 | https://www.naukri.com/job-listings-custom-software-engineer-accenture-solutions-pvt-ltd-noida-3-to-8-years-270526929904 | https://www.naukri.com/job-listings-custom-software-engineer-accenture-solutions-pvt-ltd-gurugram-3-to-8-years-270526929575 | https://www.naukri.com/job-listings-custom-software-engineer-accenture-solutions-pvt-ltd-noida-7-to-12-years-270526929042 | https://www.naukri.com/job-listings-custom-software-engineer-accenture-solutions-pvt-ltd-mumbai-3-to-8-years-270526928990 | https://www.naukri.com/job-listings-custom-software-engineer-accenture-solutions-pvt-ltd-mumbai-7-to-12-years-270526928951 | https://www.naukri.com/job-listings-custom-software-engineer-accenture-solutions-pvt-ltd-mumbai-5-to-10-years-270526928950 | https://www.naukri.com/job-listings-custom-software-engineer-accenture-solutions-pvt-ltd-mumbai-5-to-10-years-270526928856 | https://www.naukri.com/job-listings-custom-software-engineer-accenture-solutions-pvt-ltd-mumbai-5-to-10-years-270526928844 | https://www.naukri.com/job-listings-custom-software-engineer-accenture-solutions-pvt-ltd-navi-mumbai-5-to-10-years-270526928729 | https://www.naukri.com/job-listings-custom-software-engineer-accenture-solutions-pvt-ltd-navi-mumbai-5-to-10-years-270526928728 | https://www.naukri.com/job-listings-custom-software-engineer-accenture-solutions-pvt-ltd-navi-mumbai-5-to-10-years-270526928352 | https://www.naukri.com/job-listings-custom-software-engineer-accenture-solutions-pvt-ltd-gurugram-2-to-5-years-270526928297 | https://www.naukri.com/job-listings-custom-software-engineer-accenture-solutions-pvt-ltd-gurugram-2-to-7-years-270526928266 | https://www.naukri.com/job-listings-custom-software-engineer-accenture-solutions-pvt-ltd-gurugram-3-to-8-years-270526928263 | https://www.naukri.com/job-listings-custom-software-engineer-accenture-solutions-pvt-ltd-gurugram-10-to-15-years-270526928196 | https://www.naukri.com/job-listings-custom-software-engineer-accenture-solutions-pvt-ltd-gurugram-7-to-12-years-270526928157 | https://www.naukri.com/job-listings-custom-software-engineer-accenture-solutions-pvt-ltd-gurugram-5-to-10-years-270526928145 | https://www.naukri.com/job-listings-custom-software-engineer-accenture-solutions-pvt-ltd-gurugram-5-to-10-years-270526928144 | https://www.naukri.com/job-listings-custom-software-engineer-accenture-solutions-pvt-ltd-gurugram-3-to-8-years-270526928138 | https://www.naukri.com/job-listings-custom-software-engineer-accenture-solutions-pvt-ltd-navi-mumbai-3-to-8-years-270526925303 | https://www.naukri.com/job-listings-custom-software-engineer-accenture-solutions-pvt-ltd-navi-mumbai-3-to-8-years-270526925284 | https://www.naukri.com/job-listings-custom-software-engineer-accenture-solutions-pvt-ltd-navi-mumbai-5-to-10-years-270526925217 | https://www.naukri.com/job-listings-custom-software-engineer-accenture-solutions-pvt-ltd-gurugram-7-to-12-years-270526924892 | https://www.naukri.com/job-listings-custom-software-engineer-accenture-solutions-pvt-ltd-navi-mumbai-7-to-12-years-260526918641 | https://www.naukri.com/job-listings-custom-software-engineer-accenture-solutions-pvt-ltd-navi-mumbai-2-to-7-years-250526928478 | https://www.naukri.com/job-listings-custom-software-engineer-accenture-solutions-pvt-ltd-gurugram-7-to-12-years-250526928456 | https://www.naukri.com/job-listings-custom-software-engineer-accenture-solutions-pvt-ltd-gurugram-7-to-12-years-250526928434 | https://www.naukri.com/job-listings-custom-software-engineer-accenture-solutions-pvt-ltd-gurugram-7-to-12-years-250526928361 | https://www.naukri.com/job-listings-custom-software-engineer-accenture-solutions-pvt-ltd-gurugram-3-to-8-years-250526928203 | https://www.naukri.com/job-listings-custom-software-engineer-accenture-solutions-pvt-ltd-mumbai-5-to-10-years-250526928103 | https://www.naukri.com/job-listings-custom-software-engineer-accenture-solutions-pvt-ltd-navi-mumbai-3-to-8-years-250526927425 | https://www.naukri.com/job-listings-custom-software-engineer-accenture-solutions-pvt-ltd-noida-3-to-8-years-250526924520 | https://www.naukri.com/job-listings-custom-software-engineer-accenture-solutions-pvt-ltd-navi-mumbai-15-to-20-years-250526921833 | https://www.naukri.com/job-listings-custom-software-engineer-accenture-solutions-pvt-ltd-navi-mumbai-15-to-20-years-250526921827 | https://www.naukri.com/job-listings-custom-software-engineer-accenture-solutions-pvt-ltd-navi-mumbai-15-to-20-years-250526921822 | https://www.naukri.com/job-listings-custom-software-engineer-accenture-solutions-pvt-ltd-navi-mumbai-3-to-8-years-250526920881 | https://www.naukri.com/job-listings-custom-software-engineer-accenture-solutions-pvt-ltd-navi-mumbai-15-to-20-years-250526920759 | https://www.naukri.com/job-listings-custom-software-engineer-accenture-solutions-pvt-ltd-navi-mumbai-15-to-20-years-250526920622 | https://www.naukri.com/job-listings-custom-software-engineer-accenture-solutions-pvt-ltd-navi-mumbai-15-to-20-years-250526920585 | https://www.naukri.com/job-listings-custom-software-engineer-accenture-solutions-pvt-ltd-navi-mumbai-15-to-20-years-250526920583 | https://www.naukri.com/job-listings-custom-software-engineer-accenture-solutions-pvt-ltd-navi-mumbai-8-to-13-years-250526920571 | https://www.naukri.com/job-listings-custom-software-engineer-accenture-solutions-pvt-ltd-navi-mumbai-8-to-13-years-250526920200 | https://www.naukri.com/job-listings-custom-software-engineer-accenture-solutions-pvt-ltd-navi-mumbai-15-to-20-years-250526920197 | https://www.naukri.com/job-listings-custom-software-engineer-accenture-solutions-pvt-ltd-navi-mumbai-3-to-8-years-250526919662 | https://www.naukri.com/job-listings-custom-software-engineer-accenture-solutions-pvt-ltd-navi-mumbai-15-to-20-years-250526919652 | https://www.naukri.com/job-listings-custom-software-engineer-accenture-solutions-pvt-ltd-navi-mumbai-15-to-20-years-250526919486 | https://www.naukri.com/job-listings-custom-software-engineer-accenture-solutions-pvt-ltd-navi-mumbai-15-to-20-years-250526919458 | https://www.naukri.com/job-listings-custom-software-engineer-accenture-solutions-pvt-ltd-navi-mumbai-5-to-10-years-250526919265 | https://www.naukri.com/job-listings-custom-software-engineer-accenture-solutions-pvt-ltd-gurugram-4-to-9-years-250526918812 | https://www.naukri.com/job-listings-custom-software-engineer-accenture-solutions-pvt-ltd-gurugram-15-to-20-years-250526918459 | https://www.naukri.com/job-listings-custom-software-engineer-accenture-solutions-pvt-ltd-gurugram-15-to-20-years-250526918432 | https://www.naukri.com/job-listings-custom-software-engineer-accenture-solutions-pvt-ltd-gurugram-15-to-20-years-250526918431 | https://www.naukri.com/job-listings-custom-software-engineer-accenture-solutions-pvt-ltd-gurugram-2-to-5-years-250526918424 | https://www.naukri.com/job-listings-custom-software-engineer-accenture-solutions-pvt-ltd-navi-mumbai-15-to-20-years-250526918166 | https://www.naukri.com/job-listings-custom-software-engineer-accenture-solutions-pvt-ltd-gurugram-7-to-12-years-250526917860 | https://www.naukri.com/job-listings-custom-software-engineer-accenture-solutions-pvt-ltd-gurugram-6-to-11-years-250526917771 | https://www.naukri.com/job-listings-custom-software-engineer-accenture-solutions-pvt-ltd-gurugram-3-to-8-years-250526917760 | https://www.naukri.com/job-listings-custom-software-engineer-accenture-solutions-pvt-ltd-gurugram-15-to-20-years-250526917705 | https://www.naukri.com/job-listings-custom-software-engineer-accenture-solutions-pvt-ltd-gurugram-15-to-20-years-250526917699 | https://www.naukri.com/job-listings-custom-software-engineer-accenture-solutions-pvt-ltd-gurugram-15-to-20-years-250526917520,2026-05-31T14:55:17.756375+00:00
Kobie,http://www.kobie.com,"Bengaluru, Karnataka, India",,,recruitment,25,No,Hiring 2 role(s) (3d ago),Yes,No,No,2,3,,,,2,linkedin,hiring_post,,,,,2026-05-28,linkedin,https://in.linkedin.com/jobs/view/data-engineer-at-kobie-4379197673?position=13&pageNum=0&refId=vm7DWbddcMc%2Fn8l6D0iobQ%3D%3D&trackingId=LBaCyZgCuvzPirfQUJSOaw%3D%3D,Data Engineer,https://in.linkedin.com/jobs/view/data-engineer-at-kobie-4379197673?position=13&pageNum=0&refId=vm7DWbddcMc%2Fn8l6D0iobQ%3D%3D&trackingId=LBaCyZgCuvzPirfQUJSOaw%3D%3D | https://in.linkedin.com/jobs/view/software-engineer-at-kobie-4322021671?position=31&pageNum=0&refId=uFnleRR7JxyvAg%2F7IUCd0w%3D%3D&trackingId=lsQmPsOA5ZsiGc4ojRqJJA%3D%3D,2026-05-31T14:55:17.755354+00:00
Impact HR & KM Solutions,http://www.placementservices.co,"Nashik, Maharashtra, India",,,recruitment,25,No,Hiring 2 role(s) (4d ago),Yes,No,No,2,4,,,,2,linkedin,hiring_post,,,,,2026-05-27,linkedin,https://in.linkedin.com/jobs/view/jr-full-stack-python-developer-at-impact-hr-km-solutions-4418588038?position=49&pageNum=0&refId=dQXAPtvs9SdZZhCAlKgODw%3D%3D&trackingId=j%2FQBgP1V4SheGTUIoqq%2FiA%3D%3D,Jr. Full Stack Python Developer,https://in.linkedin.com/jobs/view/jr-full-stack-python-developer-at-impact-hr-km-solutions-4418588038?position=49&pageNum=0&refId=dQXAPtvs9SdZZhCAlKgODw%3D%3D&trackingId=j%2FQBgP1V4SheGTUIoqq%2FiA%3D%3D | https://in.linkedin.com/jobs/view/jr-full-stack-python-developer-at-impact-hr-km-solutions-4418574506?position=56&pageNum=0&refId=dQXAPtvs9SdZZhCAlKgODw%3D%3D&trackingId=Yyf4s%2ByQTvJ%2FulewYiCMiw%3D%3D,2026-05-31T14:55:17.755466+00:00
R1 RCM,,Noida,,,recruitment,25,No,Hiring 2 role(s) (2d ago),Yes,No,No,2,2,,,,2,naukri,hiring_post,,,,,2026-05-29,naukri,https://www.naukri.com/job-listings-software-engineer-r1-rcm-global-private-limited-noida-2-to-4-years-290526915123,Software Engineer,https://www.naukri.com/job-listings-software-engineer-r1-rcm-global-private-limited-noida-2-to-4-years-290526915123 | https://www.naukri.com/job-listings-software-engineer-r1-rcm-global-private-limited-noida-7-to-10-years-290526915114,2026-05-31T14:55:17.756774+00:00
The Fast Way,,Mumbai,,,recruitment,25,No,Hiring 2 role(s) (10d ago),Yes,No,No,2,10,,,,2,naukri,hiring_post,,,,,2026-05-21,naukri,https://www.naukri.com/job-listings-backend-developer-the-fast-way-mumbai-0-to-2-years-210526500021,Backend Developer,https://www.naukri.com/job-listings-backend-developer-the-fast-way-mumbai-0-to-2-years-210526500021 | https://www.naukri.com/job-listings-backend-developer-the-fast-way-navi-mumbai-0-to-2-years-301225505178,2026-05-31T14:55:17.757923+00:00
Rejolut A GenAI Web 30 Company,,Navi Mumbai,,,recruitment,25,No,Hiring 2 role(s) (3d ago),Yes,No,No,2,3,,,,2,naukri,hiring_post,,,,,2026-05-28,naukri,https://www.naukri.com/job-listings-backend-developer-rejolut-a-genai-web-30-company-navi-mumbai-1-to-3-years-280526502143,Backend Developer,https://www.naukri.com/job-listings-backend-developer-rejolut-a-genai-web-30-company-navi-mumbai-1-to-3-years-280526502143 | https://www.naukri.com/job-listings-backend-developer-rejolut-a-genai-web-30-company-mumbai-1-to-3-years-271221500820,2026-05-31T14:55:17.757959+00:00
Mitigata Insurance,,Mumbai,,,recruitment,25,No,Hiring 2 role(s) (0d ago),Yes,No,No,2,0,,,,2,naukri,hiring_post,,,,,2026-05-31,naukri,https://www.naukri.com/job-listings-backend-developer-intern-mitigata-mumbai-new-delhi-bengaluru-0-to-1-years-021225505069,Backend Developer Intern,https://www.naukri.com/job-listings-backend-developer-intern-mitigata-mumbai-new-delhi-bengaluru-0-to-1-years-021225505069 | https://www.naukri.com/job-listings-backend-developer-mitigata-mumbai-1-to-2-years-021225506499,2026-05-31T14:55:17.758785+00:00
hackajob,https://www.hackajob.com,"Pune Division, Maharashtra, India",,,recruitment,18,No,Hiring 4 role(s) (12d ago),Yes,No,No,4,12,,,,4,linkedin,hiring_post,,,,,2026-05-18,linkedin,https://in.linkedin.com/jobs/view/java-developer-at-hackajob-4415669451?position=44&pageNum=0&refId=dQXAPtvs9SdZZhCAlKgODw%3D%3D&trackingId=WJxhhhK69Lv8SujQ0ZzeeQ%3D%3D,Java Developer,https://in.linkedin.com/jobs/view/java-developer-at-hackajob-4415669451?position=44&pageNum=0&refId=dQXAPtvs9SdZZhCAlKgODw%3D%3D&trackingId=WJxhhhK69Lv8SujQ0ZzeeQ%3D%3D | https://in.linkedin.com/jobs/view/developer-data-analytics-at-hackajob-4415615549?position=8&pageNum=0&refId=vm7DWbddcMc%2Fn8l6D0iobQ%3D%3D&trackingId=Bfg8%2FOTAQEiJOeCKaXG86Q%3D%3D | https://in.linkedin.com/jobs/view/fullstack-java-developer-credit-derivatives-at-hackajob-4415467354?position=40&pageNum=0&refId=dQXAPtvs9SdZZhCAlKgODw%3D%3D&trackingId=xaJPWFtEPB%2FVK1%2BMSBcRGg%3D%3D | https://in.linkedin.com/jobs/view/data-engineer-at-hackajob-4398764419?position=57&pageNum=0&refId=vm7DWbddcMc%2Fn8l6D0iobQ%3D%3D&trackingId=LKnI2%2Btdrgmo3dVSjATIpQ%3D%3D,2026-05-31T14:55:17.755270+00:00
STYLZ,https://www.stylz.in/,"Hyderabad, Telangana, India",,,recruitment,18,No,Hiring 2 role(s) (13d ago),Yes,No,No,2,13,,,,2,linkedin,hiring_post,,,,,2026-05-18,linkedin,https://in.linkedin.com/jobs/view/backend-developer-at-stylz-4415658468?position=51&pageNum=0&refId=dQXAPtvs9SdZZhCAlKgODw%3D%3D&trackingId=87R0tWBO3v3atKiBGNFLow%3D%3D,Backend Developer,https://in.linkedin.com/jobs/view/backend-developer-at-stylz-4415658468?position=51&pageNum=0&refId=dQXAPtvs9SdZZhCAlKgODw%3D%3D&trackingId=87R0tWBO3v3atKiBGNFLow%3D%3D | https://in.linkedin.com/jobs/view/backend-developer-node-js-express-mongodb-at-stylz-4415612347?position=54&pageNum=0&refId=dQXAPtvs9SdZZhCAlKgODw%3D%3D&trackingId=9YOQhomLLxy0ombSbg1QXQ%3D%3D,2026-05-31T14:55:17.755506+00:00
GoML,https://www.goml.io/,India,,,recruitment,15,No,Hiring 1 role(s) (2d ago),Yes,No,No,1,2,,,,1,linkedin,hiring_post,,,,,2026-05-29,linkedin,https://in.linkedin.com/jobs/view/frontend-developer-at-goml-4421794611?position=56&pageNum=0&refId=Uqmis%2BtLShZ2yEZ8pbp3xw%3D%3D&trackingId=nfcnzL3dLYqebRfP7qczow%3D%3D,Frontend Developer,https://in.linkedin.com/jobs/view/frontend-developer-at-goml-4421794611?position=56&pageNum=0&refId=Uqmis%2BtLShZ2yEZ8pbp3xw%3D%3D&trackingId=nfcnzL3dLYqebRfP7qczow%3D%3D,2026-05-31T14:55:17.754030+00:00
Nua,https://nuawoman.com,Mumbai Metropolitan Region,,,recruitment,15,No,Hiring 1 role(s) (5d ago),Yes,No,No,1,5,,,,1,linkedin,hiring_post,,,,,2026-05-26,linkedin,https://in.linkedin.com/jobs/view/frontend-developer-at-nua-4416804819?position=35&pageNum=0&refId=Uqmis%2BtLShZ2yEZ8pbp3xw%3D%3D&trackingId=9bqHpmwmCvdBMSaMtgEnKg%3D%3D,Frontend Developer,https://in.linkedin.com/jobs/view/frontend-developer-at-nua-4416804819?position=35&pageNum=0&refId=Uqmis%2BtLShZ2yEZ8pbp3xw%3D%3D&trackingId=9bqHpmwmCvdBMSaMtgEnKg%3D%3D,2026-05-31T14:55:17.755082+00:00
Skyflow,https://www.skyflow.com,India,,,recruitment,15,No,Hiring 1 role(s) (1d ago),Yes,No,No,1,1,,,,1,linkedin,hiring_post,,,,,2026-05-29,linkedin,https://in.linkedin.com/jobs/view/software-engineer-at-skyflow-4411869852?position=60&pageNum=0&refId=dQXAPtvs9SdZZhCAlKgODw%3D%3D&trackingId=9xFTBe1h9CmLjy9d1GPZCA%3D%3D,Software Engineer,https://in.linkedin.com/jobs/view/software-engineer-at-skyflow-4411869852?position=60&pageNum=0&refId=dQXAPtvs9SdZZhCAlKgODw%3D%3D&trackingId=9xFTBe1h9CmLjy9d1GPZCA%3D%3D,2026-05-31T14:55:17.755162+00:00
Cricbuzz.com,http://www.cricbuzz.com,"Mumbai, Maharashtra, India",,,recruitment,15,No,Hiring 1 role(s) (10d ago),Yes,No,No,1,10,,,,1,linkedin,hiring_post,,,,,2026-05-21,linkedin,https://in.linkedin.com/jobs/view/data-analyst-at-cricbuzz-com-4413681682?position=24&pageNum=0&refId=vm7DWbddcMc%2Fn8l6D0iobQ%3D%3D&trackingId=rp%2FuqddVlcB0lQfqjsbb3A%3D%3D,Data Analyst,https://in.linkedin.com/jobs/view/data-analyst-at-cricbuzz-com-4413681682?position=24&pageNum=0&refId=vm7DWbddcMc%2Fn8l6D0iobQ%3D%3D&trackingId=rp%2FuqddVlcB0lQfqjsbb3A%3D%3D,2026-05-31T14:55:17.755313+00:00
BrandStory Digital,http://www.brandstory.in,"Bengaluru, Karnataka, India",,,recruitment,15,No,Hiring 1 role(s) (9d ago),Yes,No,No,1,9,,,,1,linkedin,hiring_post,,,,,2026-05-22,linkedin,https://in.linkedin.com/jobs/view/junior-associate-web-developer-at-brandstory-digital-4418131319?position=55&pageNum=0&refId=uFnleRR7JxyvAg%2F7IUCd0w%3D%3D&trackingId=8jakHBbKNzlUZH2DPt4Tgw%3D%3D,Junior Associate - Web Developer,https://in.linkedin.com/jobs/view/junior-associate-web-developer-at-brandstory-digital-4418131319?position=55&pageNum=0&refId=uFnleRR7JxyvAg%2F7IUCd0w%3D%3D&trackingId=8jakHBbKNzlUZH2DPt4Tgw%3D%3D,2026-05-31T14:55:17.755386+00:00
Emergence,https://www.emsoft.com,India,,,recruitment,15,No,Hiring 1 role(s) (5d ago),Yes,No,No,1,5,,,,1,linkedin,hiring_post,,,,,2026-05-25,linkedin,https://in.linkedin.com/jobs/view/software-development-engineer-sde-i-at-emergence-4418998156?position=21&pageNum=0&refId=uFnleRR7JxyvAg%2F7IUCd0w%3D%3D&trackingId=5BNjRxvhr3efvi17vfYUBw%3D%3D,Software Development Engineer (SDE- I),https://in.linkedin.com/jobs/view/software-development-engineer-sde-i-at-emergence-4418998156?position=21&pageNum=0&refId=uFnleRR7JxyvAg%2F7IUCd0w%3D%3D&trackingId=5BNjRxvhr3efvi17vfYUBw%3D%3D,2026-05-31T14:55:17.755421+00:00
Weekday AI (YC W21),http://jobs.weekday.works,"Bengaluru, Karnataka, India",,,recruitment,15,No,Hiring 1 role(s) (6d ago),Yes,No,No,1,6,,,,1,linkedin,hiring_post,,,,,2026-05-25,linkedin,https://in.linkedin.com/jobs/view/sde-2-backend-developer-at-weekday-ai-yc-w21-4418938217?position=57&pageNum=0&refId=dQXAPtvs9SdZZhCAlKgODw%3D%3D&trackingId=jNHwtHWzwGrZGo%2F93PiMOA%3D%3D,SDE 2- Backend Developer,https://in.linkedin.com/jobs/view/sde-2-backend-developer-at-weekday-ai-yc-w21-4418938217?position=57&pageNum=0&refId=dQXAPtvs9SdZZhCAlKgODw%3D%3D&trackingId=jNHwtHWzwGrZGo%2F93PiMOA%3D%3D,2026-05-31T14:55:17.755546+00:00
"Simelabs - Digital, AI/ML, Automation, Robotics, Gen AI.",http://www.simelabs.com/,"Kochi, Kerala, India",,,recruitment,15,No,Hiring 1 role(s) (5d ago),Yes,No,No,1,5,,,,1,linkedin,hiring_post,,,,,2026-05-26,linkedin,https://in.linkedin.com/jobs/view/python-ai-ml-developer-at-simelabs-digital-ai-ml-automation-robotics-gen-ai-4416819209?position=5&pageNum=0&refId=fzIC5G07jioipotcNLxZNQ%3D%3D&trackingId=WryjcTuXPv25MQoxjAYMzg%3D%3D,Python AI/ML Developer,https://in.linkedin.com/jobs/view/python-ai-ml-developer-at-simelabs-digital-ai-ml-automation-robotics-gen-ai-4416819209?position=5&pageNum=0&refId=fzIC5G07jioipotcNLxZNQ%3D%3D&trackingId=WryjcTuXPv25MQoxjAYMzg%3D%3D,2026-05-31T14:55:17.755631+00:00
Onehouse,https://onehouse.ai,"Bengaluru, Karnataka, India",,,recruitment,15,No,Hiring 1 role(s) (9d ago),Yes,No,No,1,9,,,,1,linkedin,hiring_post,,,,,2026-05-21,linkedin,https://in.linkedin.com/jobs/view/frontend-engineer-india-at-onehouse-4368025094?position=49&pageNum=0&refId=78Ofwr6JTeBCoZHh0RAzrg%3D%3D&trackingId=hKxmlb6m%2Fwuol7%2BYJm8NMQ%3D%3D,Frontend Engineer (India),https://in.linkedin.com/jobs/view/frontend-engineer-india-at-onehouse-4368025094?position=49&pageNum=0&refId=78Ofwr6JTeBCoZHh0RAzrg%3D%3D&trackingId=hKxmlb6m%2Fwuol7%2BYJm8NMQ%3D%3D,2026-05-31T14:55:17.755687+00:00
Thyrocare,,Bengaluru(HSR Layout),,,recruitment,15,No,Hiring 1 role(s) (2d ago),Yes,No,No,1,2,,,,1,naukri,hiring_post,,,,,2026-05-29,naukri,https://www.naukri.com/job-listings-software-engineer-thyrocare-bengaluru-1-to-3-years-310326037312,Software Engineer,https://www.naukri.com/job-listings-software-engineer-thyrocare-bengaluru-1-to-3-years-310326037312,2026-05-31T14:55:17.755774+00:00
Capgemini,,Navi Mumbai,,,recruitment,15,No,Hiring 1 role(s) (6d ago),Yes,No,No,1,6,,,,1,naukri,hiring_post,,,,,2026-05-25,naukri,https://www.naukri.com/job-listings-software-engineer-capgemini-technology-services-india-limited-navi-mumbai-2-to-5-years-250526915997,Software Engineer,https://www.naukri.com/job-listings-software-engineer-capgemini-technology-services-india-limited-navi-mumbai-2-to-5-years-250526915997,2026-05-31T14:55:17.756634+00:00
Optum,,Noida,,,recruitment,15,No,Hiring 1 role(s) (2d ago),Yes,No,No,1,2,,,,1,naukri,hiring_post,,,,,2026-05-29,naukri,https://www.naukri.com/job-listings-software-engineer-optum-global-solutions-india-private-limited-noida-3-to-8-years-290526920777,Software Engineer,https://www.naukri.com/job-listings-software-engineer-optum-global-solutions-india-private-limited-noida-3-to-8-years-290526920777,2026-05-31T14:55:17.756688+00:00
Godigi Infotech,,New Delhi,,,recruitment,15,No,Hiring 1 role(s) (3d ago),Yes,No,No,1,3,,,,1,naukri,hiring_post,,,,,2026-05-28,naukri,https://www.naukri.com/job-listings-ai-software-engineer-godigi-infotech-new-delhi-0-to-1-years-280526501975,AI Software Engineer,https://www.naukri.com/job-listings-ai-software-engineer-godigi-infotech-new-delhi-0-to-1-years-280526501975,2026-05-31T14:55:17.756716+00:00
Gartner for HR,,Gurugram,,,recruitment,15,No,Hiring 1 role(s) (2d ago),Yes,No,No,1,2,,,,1,naukri,hiring_post,,,,,2026-05-29,naukri,https://www.naukri.com/job-listings-manager-software-engineer-dex-nexthink-intune-gartner-for-hr-gurugram-8-to-12-years-290526506060,"Manager Software Engineer - DEX, Nexthink, Intune",https://www.naukri.com/job-listings-manager-software-engineer-dex-nexthink-intune-gartner-for-hr-gurugram-8-to-12-years-290526506060,2026-05-31T14:55:17.756742+00:00
Anaplan,,Gurugram,,,recruitment,15,No,Hiring 1 role(s) (2d ago),Yes,No,No,1,2,,,,1,naukri,hiring_post,,,,,2026-05-29,naukri,https://www.naukri.com/job-listings-software-engineer-anaplan-inc-gurugram-4-to-8-years-290526505955,Software Engineer,https://www.naukri.com/job-listings-software-engineer-anaplan-inc-gurugram-4-to-8-years-290526505955,2026-05-31T14:55:17.756801+00:00
Talent Corner Hr Services,,Bengaluru,,,recruitment,15,No,Hiring 1 role(s) (1d ago),Yes,No,No,1,1,,,,1,naukri,hiring_post,,,,,2026-05-29,naukri,https://www.naukri.com/job-listings-backend-developer-talent-corner-hr-services-bengaluru-10-to-15-years-290526025153,Backend Developer,https://www.naukri.com/job-listings-backend-developer-talent-corner-hr-services-bengaluru-10-to-15-years-290526025153,2026-05-31T14:55:17.756827+00:00
Twixor,,Bengaluru,,,recruitment,15,No,Hiring 1 role(s) (6d ago),Yes,No,No,1,6,,,,1,naukri,hiring_post,,,,,2026-05-25,naukri,https://www.naukri.com/job-listings-backend-developer-twixor-bengaluru-5-to-8-years-250526929619,Backend Developer,https://www.naukri.com/job-listings-backend-developer-twixor-bengaluru-5-to-8-years-250526929619,2026-05-31T14:55:17.756853+00:00
Texau,,Bengaluru,,,recruitment,15,No,Hiring 1 role(s) (3d ago),Yes,No,No,1,3,,,,1,naukri,hiring_post,,,,,2026-05-28,naukri,https://www.naukri.com/job-listings-backend-developer-texau-bengaluru-5-to-10-years-280526503522,Backend Developer,https://www.naukri.com/job-listings-backend-developer-texau-bengaluru-5-to-10-years-280526503522,2026-05-31T14:55:17.756879+00:00
Trade Brains,,Bengaluru,,,recruitment,15,No,Hiring 1 role(s) (6d ago),Yes,No,No,1,6,,,,1,naukri,hiring_post,,,,,2026-05-25,naukri,https://www.naukri.com/job-listings-backend-developer-trade-brains-bengaluru-1-to-5-years-250526926534,Backend Developer,https://www.naukri.com/job-listings-backend-developer-trade-brains-bengaluru-1-to-5-years-250526926534,2026-05-31T14:55:17.756930+00:00
IDESLABS PRIVATE LIMITED,,Bengaluru,,,recruitment,15,No,Hiring 1 role(s) (3d ago),Yes,No,No,1,3,,,,1,naukri,hiring_post,,,,,2026-05-28,naukri,https://www.naukri.com/job-listings-backend-developer-ideslabs-private-limited-bengaluru-3-to-7-years-280526926693,BackEnd Developer,https://www.naukri.com/job-listings-backend-developer-ideslabs-private-limited-bengaluru-3-to-7-years-280526926693,2026-05-31T14:55:17.756956+00:00
HUNTINGCUBE RECRUITMENT SOLUTIONS PRIVATE LIMITED,,Bengaluru,,,recruitment,15,No,Hiring 1 role(s) (6d ago),Yes,No,No,1,6,,,,1,naukri,hiring_post,,,,,2026-05-25,naukri,https://www.naukri.com/job-listings-backend-developer-huntingcube-recruitment-solutions-private-limited-bengaluru-2-to-4-years-250526902819,Backend Developer,https://www.naukri.com/job-listings-backend-developer-huntingcube-recruitment-solutions-private-limited-bengaluru-2-to-4-years-250526902819,2026-05-31T14:55:17.756982+00:00
Persistent,,Bengaluru,,,recruitment,15,No,Hiring 1 role(s) (9d ago),Yes,No,No,1,9,,,,1,naukri,hiring_post,,,,,2026-05-22,naukri,https://www.naukri.com/job-listings-backend-developer-persistent-bengaluru-5-to-10-years-220526018090,Backend Developer,https://www.naukri.com/job-listings-backend-developer-persistent-bengaluru-5-to-10-years-220526018090,2026-05-31T14:55:17.757036+00:00
Xllent Corporate Services Pvt. Ltd,,Bengaluru,,,recruitment,15,No,Hiring 1 role(s) (10d ago),Yes,No,No,1,10,,,,1,naukri,hiring_post,,,,,2026-05-21,naukri,https://www.naukri.com/job-listings-backend-developer-xllent-corporate-services-pvt-ltd-bengaluru-6-to-8-years-210526923368,Backend Developer,https://www.naukri.com/job-listings-backend-developer-xllent-corporate-services-pvt-ltd-bengaluru-6-to-8-years-210526923368,2026-05-31T14:55:17.757064+00:00
Synaptein,,Bengaluru,,,recruitment,15,No,Hiring 1 role(s) (5d ago),Yes,No,No,1,5,,,,1,naukri,hiring_post,,,,,2026-05-26,naukri,https://www.naukri.com/job-listings-backend-developer-synaptein-bengaluru-3-to-6-years-260526035897,Backend Developer,https://www.naukri.com/job-listings-backend-developer-synaptein-bengaluru-3-to-6-years-260526035897,2026-05-31T14:55:17.757143+00:00
ABC Designs,,Mumbai,,,recruitment,15,No,Hiring 1 role(s) (3d ago),Yes,No,No,1,3,,,,1,naukri,hiring_post,,,,,2026-05-28,naukri,https://www.naukri.com/job-listings-backend-developer-abc-designs-mumbai-2-to-7-years-280526503555,Backend Developer,https://www.naukri.com/job-listings-backend-developer-abc-designs-mumbai-2-to-7-years-280526503555,2026-05-31T14:55:17.757988+00:00
Quantum Phinance,,Mumbai,,,recruitment,15,No,Hiring 1 role(s) (6d ago),Yes,No,No,1,6,,,,1,naukri,hiring_post,,,,,2026-05-25,naukri,https://www.naukri.com/job-listings-backend-developer-quantum-phinance-pvt-ltd-mumbai-1-to-2-years-250526926434,Backend Developer,https://www.naukri.com/job-listings-backend-developer-quantum-phinance-pvt-ltd-mumbai-1-to-2-years-250526926434,2026-05-31T14:55:17.758017+00:00
NeoSOFT,,Navi Mumbai,,,recruitment,15,No,Hiring 1 role(s) (3d ago),Yes,No,No,1,3,,,,1,naukri,hiring_post,,,,,2026-05-28,naukri,https://www.naukri.com/job-listings-backend-developer-neosoft-navi-mumbai-4-to-9-years-280526015445,Backend Developer,https://www.naukri.com/job-listings-backend-developer-neosoft-navi-mumbai-4-to-9-years-280526015445,2026-05-31T14:55:17.758044+00:00
Makemytrip,,Mumbai,,,recruitment,15,No,Hiring 1 role(s) (9d ago),Yes,No,No,1,9,,,,1,naukri,hiring_post,,,,,2026-05-22,naukri,https://www.naukri.com/job-listings-developer-backend-makemytrip-india-pvt-ltd-mumbai-0-to-5-years-220526503876,Developer - Backend,https://www.naukri.com/job-listings-developer-backend-makemytrip-india-pvt-ltd-mumbai-0-to-5-years-220526503876,2026-05-31T14:55:17.758095+00:00
Hdfc Bank,,"Mumbai, Bengaluru",,,recruitment,15,No,Hiring 1 role(s) (1d ago),Yes,No,No,1,1,,,,1,naukri,hiring_post,,,,,2026-05-29,naukri,https://www.naukri.com/job-listings-senior-backend-developer-hdfc-bank-mumbai-bengaluru-8-to-11-years-290526025077,Senior Backend Developer,https://www.naukri.com/job-listings-senior-backend-developer-hdfc-bank-mumbai-bengaluru-8-to-11-years-290526025077,2026-05-31T14:55:17.758894+00:00
Careernet,,Mumbai (All Areas)(Vikhroli),,,recruitment,15,No,Hiring 1 role(s) (6d ago),Yes,No,No,1,6,,,,1,naukri,hiring_post,,,,,2026-05-25,naukri,https://www.naukri.com/job-listings-sr-backend-developer-careernet-mumbai-all-areas-8-to-13-years-250526032505,Sr-Backend-Developer,https://www.naukri.com/job-listings-sr-backend-developer-careernet-mumbai-all-areas-8-to-13-years-250526032505,2026-05-31T14:55:17.758917+00:00
Photon,,"Kolkata, Mumbai, New Delhi, Hyderabad, Pune, Chennai, Bengaluru",,,recruitment,10,No,Hiring 2 role(s) (565d ago),Yes,No,No,2,565,,,,2,naukri,hiring_post,,,,,2024-11-12,naukri,https://www.naukri.com/job-listings-backend-developer-photon-infotech-p-ltd-kolkata-mumbai-new-delhi-hyderabad-pune-chennai-bengaluru-3-to-6-years-121124506331,Backend Developer,https://www.naukri.com/job-listings-backend-developer-photon-infotech-p-ltd-kolkata-mumbai-new-delhi-hyderabad-pune-chennai-bengaluru-3-to-6-years-121124506331 | https://www.naukri.com/job-listings-backend-developer-photon-infotech-p-ltd-kolkata-mumbai-new-delhi-hyderabad-pune-chennai-bengaluru-3-to-6-years-121124506331,2026-05-31T14:55:17.757200+00:00
Exzeo Software,,"Kolkata, Mumbai, New Delhi, Hyderabad, Pune, Chennai, Bengaluru",,,recruitment,10,No,Hiring 2 role(s) (283d ago),Yes,No,No,2,283,,,,2,naukri,hiring_post,,,,,2025-08-21,naukri,https://www.naukri.com/job-listings-backend-developer-exzeo-software-pvt-ltd-kolkata-mumbai-new-delhi-hyderabad-pune-chennai-bengaluru-4-to-5-years-210825500579,Backend Developer,https://www.naukri.com/job-listings-backend-developer-exzeo-software-pvt-ltd-kolkata-mumbai-new-delhi-hyderabad-pune-chennai-bengaluru-4-to-5-years-210825500579 | https://www.naukri.com/job-listings-backend-developer-exzeo-software-pvt-ltd-kolkata-mumbai-new-delhi-hyderabad-pune-chennai-bengaluru-4-to-5-years-210825500579,2026-05-31T14:55:17.757548+00:00
Idea Elan,,"Kolkata, Mumbai, New Delhi, Hyderabad, Pune, Chennai, Bengaluru",,,recruitment,10,No,Hiring 3 role(s) (331d ago),Yes,No,No,3,331,,,,3,naukri,hiring_post,,,,,2025-07-04,naukri,https://www.naukri.com/job-listings-backend-developer-idea-elan-kolkata-mumbai-new-delhi-hyderabad-pune-chennai-bengaluru-2-to-4-years-040725501046,Backend Developer,https://www.naukri.com/job-listings-backend-developer-idea-elan-kolkata-mumbai-new-delhi-hyderabad-pune-chennai-bengaluru-2-to-4-years-040725501046 | https://www.naukri.com/job-listings-backend-developer-idea-elan-kolkata-mumbai-new-delhi-hyderabad-pune-chennai-bengaluru-2-to-4-years-040725501046 | https://www.naukri.com/job-listings-backend-developer-idea-elan-kolkata-mumbai-new-delhi-hyderabad-pune-chennai-bengaluru-4-to-6-years-110425503152,2026-05-31T14:55:17.757887+00:00
Logic Planet,,"Mumbai, Nagpur, Thane, Nashik, Pune, Aurangabad",,,recruitment,10,No,Hiring 2 role(s) (96d ago),Yes,No,No,2,96,,,,2,naukri,hiring_post,,,,,2026-02-24,naukri,https://www.naukri.com/job-listings-backend-developer-logicplanet-it-services-mumbai-nagpur-thane-nashik-pune-aurangabad-0-to-5-years-240226505162,Backend Developer,https://www.naukri.com/job-listings-backend-developer-logicplanet-it-services-mumbai-nagpur-thane-nashik-pune-aurangabad-0-to-5-years-240226505162 | https://www.naukri.com/job-listings-backend-developer-renewbuy-logicplanet-it-services-mumbai-nagpur-thane-nashik-pune-aurangabad-0-to-5-years-240226505045,2026-05-31T14:55:17.758151+00:00
Fourty60 - Website Designing & SEO,,Mumbai,,,recruitment,10,No,Hiring 3 role(s) (131d ago),Yes,No,No,3,131,,,,3,naukri,hiring_post,,,,,2026-01-19,naukri,https://www.naukri.com/job-listings-backend-developer-fourty60-website-designing-seo-mumbai-1-to-4-years-200126500574,Backend Developer,https://www.naukri.com/job-listings-backend-developer-fourty60-website-designing-seo-mumbai-1-to-4-years-200126500574 | https://www.naukri.com/job-listings-backend-developer-fourty60-website-designing-seo-mumbai-1-to-4-years-200126500209 | https://www.naukri.com/job-listings-backend-developer-fourty60-website-designing-seo-mumbai-1-to-4-years-151225501972,2026-05-31T14:55:17.758662+00:00
Gravitix Tech,www.gravitixtech.in,"Hyderabad, Telangana, India",,,recruitment,8,No,Hiring 1 role(s) (17d ago),Yes,No,No,1,17,,,,1,linkedin,hiring_post,,,,,2026-05-13,linkedin,https://in.linkedin.com/jobs/view/fresher-front-end-developer-at-gravitix-tech-4414436130?position=19&pageNum=0&refId=Uqmis%2BtLShZ2yEZ8pbp3xw%3D%3D&trackingId=UNz7UXAKWv%2Fd4fmxoCdbbg%3D%3D,Fresher - Front End Developer,https://in.linkedin.com/jobs/view/fresher-front-end-developer-at-gravitix-tech-4414436130?position=19&pageNum=0&refId=Uqmis%2BtLShZ2yEZ8pbp3xw%3D%3D&trackingId=UNz7UXAKWv%2Fd4fmxoCdbbg%3D%3D,2026-05-31T14:55:17.755206+00:00
Igloo,https://iglooinsure.com/,"Pune Division, Maharashtra, India",,,recruitment,8,No,Hiring 1 role(s) (12d ago),Yes,No,No,1,12,,,,1,linkedin,hiring_post,,,,,2026-05-19,linkedin,https://in.linkedin.com/jobs/view/backend-engineer-at-igloo-4412888837?position=47&pageNum=0&refId=dQXAPtvs9SdZZhCAlKgODw%3D%3D&trackingId=EGmTUMyB9pVcNsOrhzGPdQ%3D%3D,Backend Engineer,https://in.linkedin.com/jobs/view/backend-engineer-at-igloo-4412888837?position=47&pageNum=0&refId=dQXAPtvs9SdZZhCAlKgODw%3D%3D&trackingId=EGmTUMyB9pVcNsOrhzGPdQ%3D%3D,2026-05-31T14:55:17.755574+00:00
Garmin Hyderabad,https://www.garmin.com/en-IN/careers/?header=minimal,"Hyderabad, Telangana, India",,,recruitment,8,No,Hiring 1 role(s) (17d ago),Yes,No,No,1,17,,,,1,linkedin,hiring_post,,,,,2026-05-14,linkedin,https://in.linkedin.com/jobs/view/nodejs-and-python-developer-at-garmin-hyderabad-4411140369?position=13&pageNum=0&refId=dQXAPtvs9SdZZhCAlKgODw%3D%3D&trackingId=h9GNASCPOR48SICR6Mx2mQ%3D%3D,Nodejs and Python developer,https://in.linkedin.com/jobs/view/nodejs-and-python-developer-at-garmin-hyderabad-4411140369?position=13&pageNum=0&refId=dQXAPtvs9SdZZhCAlKgODw%3D%3D&trackingId=h9GNASCPOR48SICR6Mx2mQ%3D%3D,2026-05-31T14:55:17.755602+00:00
Snapmint,https://www.snapmintbusiness.com/,"Gurgaon, Haryana, India",,,recruitment,8,No,Hiring 1 role(s) (13d ago),Yes,No,No,1,13,,,,1,linkedin,hiring_post,,,,,2026-05-18,linkedin,https://in.linkedin.com/jobs/view/sde-i-backend-at-snapmint-4416212901?position=6&pageNum=0&refId=dQXAPtvs9SdZZhCAlKgODw%3D%3D&trackingId=QoWexQxSVDrJ8LR36oZ2uA%3D%3D,SDE I - Backend,https://in.linkedin.com/jobs/view/sde-i-backend-at-snapmint-4416212901?position=6&pageNum=0&refId=dQXAPtvs9SdZZhCAlKgODw%3D%3D&trackingId=QoWexQxSVDrJ8LR36oZ2uA%3D%3D,2026-05-31T14:55:17.755660+00:00
8club,https://www.8club.co/,"Bengaluru, Karnataka, India",,,recruitment,8,No,Hiring 1 role(s) (17d ago),Yes,No,No,1,17,,,,1,linkedin,hiring_post,,,,,2026-05-14,linkedin,https://in.linkedin.com/jobs/view/junior-frontend-engineer-at-8club-4414535543?position=46&pageNum=0&refId=78Ofwr6JTeBCoZHh0RAzrg%3D%3D&trackingId=CgGUSkW3%2B6jg0XdQrZO%2FNg%3D%3D,Junior Frontend Engineer,https://in.linkedin.com/jobs/view/junior-frontend-engineer-at-8club-4414535543?position=46&pageNum=0&refId=78Ofwr6JTeBCoZHh0RAzrg%3D%3D&trackingId=CgGUSkW3%2B6jg0XdQrZO%2FNg%3D%3D,2026-05-31T14:55:17.755714+00:00
Lyric,https://lyric.ai/,"Hyderabad, Telangana, India",,,recruitment,8,No,Hiring 1 role(s) (11d ago),Yes,No,No,1,11,,,,1,linkedin,hiring_post,,,,,2026-05-20,linkedin,https://in.linkedin.com/jobs/view/artificial-intelligence-engineer-at-lyric-4417032608?position=36&pageNum=0&refId=fzIC5G07jioipotcNLxZNQ%3D%3D&trackingId=uuhQjBT3iCx9BTJneXpEGA%3D%3D,Artificial Intelligence Engineer,https://in.linkedin.com/jobs/view/artificial-intelligence-engineer-at-lyric-4417032608?position=36&pageNum=0&refId=fzIC5G07jioipotcNLxZNQ%3D%3D&trackingId=uuhQjBT3iCx9BTJneXpEGA%3D%3D,2026-05-31T14:55:17.755741+00:00
IBM,,Bengaluru,,,recruitment,8,No,Hiring 1 role(s) (11d ago),Yes,No,No,1,11,,,,1,naukri,hiring_post,,,,,2026-05-20,naukri,https://www.naukri.com/job-listings-backend-developer-ibm-india-pvt-limited-bengaluru-5-to-8-years-200526935857,Backend Developer,https://www.naukri.com/job-listings-backend-developer-ibm-india-pvt-limited-bengaluru-5-to-8-years-200526935857,2026-05-31T14:55:17.756905+00:00
National Institute for Smart Government (NISG),,"Bangalore Rural, Bengaluru",,,recruitment,8,No,Hiring 1 role(s) (13d ago),Yes,No,No,1,13,,,,1,naukri,hiring_post,,,,,2026-05-18,naukri,https://www.naukri.com/job-listings-backend-developer-uidai-bengaluru-national-institute-for-smart-government-nisg-bangalore-rural-bengaluru-5-to-8-years-120226014205,"Backend Developer - UIDAI, Bengaluru",https://www.naukri.com/job-listings-backend-developer-uidai-bengaluru-national-institute-for-smart-government-nisg-bangalore-rural-bengaluru-5-to-8-years-120226014205,2026-05-31T14:55:17.757009+00:00
Prasha Sync,,Bengaluru,,,recruitment,8,No,Hiring 1 role(s) (11d ago),Yes,No,No,1,11,,,,1,naukri,hiring_post,,,,,2026-05-20,naukri,https://www.naukri.com/job-listings-backend-developer-prasha-sync-bengaluru-5-to-10-years-200526917371,Backend Developer,https://www.naukri.com/job-listings-backend-developer-prasha-sync-bengaluru-5-to-10-years-200526917371,2026-05-31T14:55:17.757092+00:00
GSPANN,,"Hyderabad, Gurugram, Bengaluru",,,recruitment,8,No,Hiring 1 role(s) (11d ago),Yes,No,No,1,11,,,,1,naukri,hiring_post,,,,,2026-05-20,naukri,https://www.naukri.com/job-listings-sfcc-backend-developer-sfra-is-must-gspann-hyderabad-gurugram-bengaluru-5-to-10-years-200526021544,SFCC Backend Developer - SFRA is must,https://www.naukri.com/job-listings-sfcc-backend-developer-sfra-is-must-gspann-hyderabad-gurugram-bengaluru-5-to-10-years-200526021544,2026-05-31T14:55:17.757117+00:00
Verinite Technologies,,Mumbai,,,recruitment,8,No,Hiring 1 role(s) (11d ago),Yes,No,No,1,11,,,,1,naukri,hiring_post,,,,,2026-05-20,naukri,https://www.naukri.com/job-listings-backend-developer-verinite-mumbai-4-to-8-years-180625500103,Backend Developer,https://www.naukri.com/job-listings-backend-developer-verinite-mumbai-4-to-8-years-180625500103,2026-05-31T14:55:17.758070+00:00
Routematic,,Bengaluru,,,recruitment,0,No,Hiring 1 role(s) (200d ago),Yes,No,No,1,200,,,,1,naukri,hiring_post,,,,,2025-11-12,naukri,https://www.naukri.com/job-listings-backend-developer-routematic-bengaluru-0-to-3-years-121125500441,backend developer,https://www.naukri.com/job-listings-backend-developer-routematic-bengaluru-0-to-3-years-121125500441,2026-05-31T14:55:17.757168+00:00
Adroit Vantage,,Bengaluru,,,recruitment,0,No,Hiring 1 role(s) (734d ago),Yes,No,No,1,734,,,,1,naukri,hiring_post,,,,,2024-05-27,naukri,https://www.naukri.com/job-listings-backend-developer-lc-adroit-vantage-bengaluru-5-to-10-years-270524500060,Backend Developer,https://www.naukri.com/job-listings-backend-developer-lc-adroit-vantage-bengaluru-5-to-10-years-270524500060,2026-05-31T14:55:17.757229+00:00
Shervani Tech Hub,,Bengaluru,,,recruitment,0,No,Hiring 1 role(s) (31d ago),Yes,No,No,1,31,,,,1,naukri,hiring_post,,,,,2026-04-30,naukri,https://www.naukri.com/job-listings-backend-developer-lead-fintech-payments-shervani-tech-hub-bengaluru-8-to-13-years-160226002198,Backend Developer Lead - Fintech & Payments,https://www.naukri.com/job-listings-backend-developer-lead-fintech-payments-shervani-tech-hub-bengaluru-8-to-13-years-160226002198,2026-05-31T14:55:17.757256+00:00
Genworks Health,,Bengaluru(Whitefield),,,recruitment,0,No,Hiring 1 role(s) (31d ago),Yes,No,No,1,31,,,,1,naukri,hiring_post,,,,,2026-04-30,naukri,https://www.naukri.com/job-listings-backend-developer-genworks-health-bengaluru-3-to-8-years-300426024761,Backend Developer,https://www.naukri.com/job-listings-backend-developer-genworks-health-bengaluru-3-to-8-years-300426024761,2026-05-31T14:55:17.757282+00:00
Vintronics Consulting,,Bengaluru,,,recruitment,0,No,Hiring 1 role(s) (32d ago),Yes,No,No,1,32,,,,1,naukri,hiring_post,,,,,2026-04-29,naukri,https://www.naukri.com/job-listings-backend-developer-vintronics-consulting-bengaluru-3-to-9-years-290426505941,Backend Developer,https://www.naukri.com/job-listings-backend-developer-vintronics-consulting-bengaluru-3-to-9-years-290426505941,2026-05-31T14:55:17.757307+00:00
Dailyhunt,,Bengaluru(HSR Layout),,,recruitment,0,No,Hiring 1 role(s) (27d ago),Yes,No,No,1,27,,,,1,naukri,hiring_post,,,,,2026-05-03,naukri,https://www.naukri.com/job-listings-backend-developer-dailyhunt-bengaluru-3-to-6-years-030526004278,Backend Developer,https://www.naukri.com/job-listings-backend-developer-dailyhunt-bengaluru-3-to-6-years-030526004278,2026-05-31T14:55:17.757332+00:00
Wolftain Agency,,Bengaluru,,,recruitment,0,No,Hiring 1 role(s) (1951d ago),Yes,No,No,1,1951,,,,1,naukri,hiring_post,,,,,2021-01-25,naukri,https://www.naukri.com/job-listings-backend-developer-wolftain-agency-bengaluru-2-to-3-years-250121501224,Backend Developer,https://www.naukri.com/job-listings-backend-developer-wolftain-agency-bengaluru-2-to-3-years-250121501224,2026-05-31T14:55:17.757358+00:00
Scimplify,,Bengaluru,,,recruitment,0,No,Hiring 1 role(s) (286d ago),Yes,No,No,1,286,,,,1,naukri,hiring_post,,,,,2025-08-18,naukri,https://www.naukri.com/job-listings-backend-developer-fastapi-scimplify-bengaluru-3-to-8-years-180825503016,Backend Developer FastAPI,https://www.naukri.com/job-listings-backend-developer-fastapi-scimplify-bengaluru-3-to-8-years-180825503016,2026-05-31T14:55:17.757384+00:00
The Energy Company,,Bengaluru,,,recruitment,0,No,Hiring 1 role(s) (305d ago),Yes,No,No,1,305,,,,1,naukri,hiring_post,,,,,2025-07-30,naukri,https://www.naukri.com/job-listings-backend-developer-the-energy-company-bengaluru-2-to-7-years-300725502916,Backend Developer,https://www.naukri.com/job-listings-backend-developer-the-energy-company-bengaluru-2-to-7-years-300725502916,2026-05-31T14:55:17.757413+00:00
Healthflex,,Bengaluru,,,recruitment,0,No,Hiring 1 role(s) (396d ago),Yes,No,No,1,396,,,,1,naukri,hiring_post,,,,,2025-04-30,naukri,https://www.naukri.com/job-listings-backend-developer-healthflex-bengaluru-8-to-13-years-300425506849,Backend Developer,https://www.naukri.com/job-listings-backend-developer-healthflex-bengaluru-8-to-13-years-300425506849,2026-05-31T14:55:17.757440+00:00
Figato Services,,Bengaluru,,,recruitment,0,No,Hiring 1 role(s) (643d ago),Yes,No,No,1,643,,,,1,naukri,hiring_post,,,,,2024-08-26,naukri,https://www.naukri.com/job-listings-backend-developer-hungrs-bengaluru-5-to-10-years-260824502015,Backend Developer,https://www.naukri.com/job-listings-backend-developer-hungrs-bengaluru-5-to-10-years-260824502015,2026-05-31T14:55:17.757466+00:00
Ksna Labs,,Bengaluru,,,recruitment,0,No,Hiring 1 role(s) (1191d ago),Yes,No,No,1,1191,,,,1,naukri,hiring_post,,,,,2023-02-24,naukri,https://www.naukri.com/job-listings-backend-developer-ksna-labs-bengaluru-1-to-3-years-240223502141,Backend Developer,https://www.naukri.com/job-listings-backend-developer-ksna-labs-bengaluru-1-to-3-years-240223502141,2026-05-31T14:55:17.757491+00:00
Nysha Technologies,,Bengaluru,,,recruitment,0,No,Hiring 1 role(s) (556d ago),Yes,No,No,1,556,,,,1,naukri,hiring_post,,,,,2024-11-21,naukri,https://www.naukri.com/job-listings-backend-developer-nysha-technologies-bengaluru-2-to-7-years-211124507588,Backend Developer,https://www.naukri.com/job-listings-backend-developer-nysha-technologies-bengaluru-2-to-7-years-211124507588,2026-05-31T14:55:17.757516+00:00
Mypcot Infotech,,Bengaluru,,,recruitment,0,No,Hiring 1 role(s) (284d ago),Yes,No,No,1,284,,,,1,naukri,hiring_post,,,,,2025-08-20,naukri,https://www.naukri.com/job-listings-backend-developer-nissi-agency-llp-bengaluru-3-to-4-years-200825501282,Backend Developer,https://www.naukri.com/job-listings-backend-developer-nissi-agency-llp-bengaluru-3-to-4-years-200825501282,2026-05-31T14:55:17.757576+00:00
Digantara,,Bengaluru,,,recruitment,0,No,Hiring 1 role(s) (345d ago),Yes,No,No,1,345,,,,1,naukri,hiring_post,,,,,2025-06-20,naukri,https://www.naukri.com/job-listings-backend-developer-digantara-bengaluru-8-to-13-years-200625501747,Backend Developer,https://www.naukri.com/job-listings-backend-developer-digantara-bengaluru-8-to-13-years-200625501747,2026-05-31T14:55:17.757604+00:00
Audify Tech,,Bengaluru,,,recruitment,0,No,Hiring 1 role(s) (1196d ago),Yes,No,No,1,1196,,,,1,naukri,hiring_post,,,,,2023-02-20,naukri,https://www.naukri.com/job-listings-backend-developer-audify-bengaluru-2-to-4-years-200223500210,BACKEND DEVELOPER,https://www.naukri.com/job-listings-backend-developer-audify-bengaluru-2-to-4-years-200223500210,2026-05-31T14:55:17.757630+00:00
Outnovate,,Bengaluru,,,recruitment,0,No,Hiring 1 role(s) (103d ago),Yes,No,No,1,103,,,,1,naukri,hiring_post,,,,,2026-02-17,naukri,https://www.naukri.com/job-listings-backend-developer-outnovate-bengaluru-4-to-9-years-170226503938,Backend Developer,https://www.naukri.com/job-listings-backend-developer-outnovate-bengaluru-4-to-9-years-170226503938,2026-05-31T14:55:17.757656+00:00
Lithium Urban Technologies,,Bengaluru,,,recruitment,0,No,Hiring 1 role(s) (865d ago),Yes,No,No,1,865,,,,1,naukri,hiring_post,,,,,2024-01-17,naukri,https://www.naukri.com/job-listings-backend-developer-lithium-urban-technologies-pvt-ltd-bengaluru-3-to-8-years-170124500281,Backend Developer,https://www.naukri.com/job-listings-backend-developer-lithium-urban-technologies-pvt-ltd-bengaluru-3-to-8-years-170124500281,2026-05-31T14:55:17.757686+00:00
Diverse Lynx,,Bengaluru,,,recruitment,0,No,Hiring 1 role(s) (167d ago),Yes,No,No,1,167,,,,1,naukri,hiring_post,,,,,2025-12-15,naukri,https://www.naukri.com/job-listings-pythn-backend-developer-diverse-lynx-bengaluru-6-to-11-years-151225502315,Pythn Backend Developer,https://www.naukri.com/job-listings-pythn-backend-developer-diverse-lynx-bengaluru-6-to-11-years-151225502315,2026-05-31T14:55:17.757712+00:00
Buyhatke,,Bengaluru,,,recruitment,0,No,Hiring 1 role(s) (2819d ago),Yes,No,No,1,2819,,,,1,naukri,hiring_post,,,,,2018-09-11,naukri,https://www.naukri.com/job-listings-backend-developer-buyhatke-bengaluru-1-to-5-years-110918500789,Backend Developer,https://www.naukri.com/job-listings-backend-developer-buyhatke-bengaluru-1-to-5-years-110918500789,2026-05-31T14:55:17.757739+00:00
Procuzy,,Bengaluru,,,recruitment,0,No,Hiring 1 role(s) (996d ago),Yes,No,No,1,996,,,,1,naukri,hiring_post,,,,,2023-09-08,naukri,https://www.naukri.com/job-listings-backend-developer-procuzy-bengaluru-2-to-5-years-080923501311,Backend Developer,https://www.naukri.com/job-listings-backend-developer-procuzy-bengaluru-2-to-5-years-080923501311,2026-05-31T14:55:17.757769+00:00
Firstsense Technology,,Bengaluru,,,recruitment,0,No,Hiring 1 role(s) (661d ago),Yes,No,No,1,661,,,,1,naukri,hiring_post,,,,,2024-08-08,naukri,https://www.naukri.com/job-listings-backend-developer-first-sense-technology-bengaluru-1-to-3-years-080824500188,Backend Developer,https://www.naukri.com/job-listings-backend-developer-first-sense-technology-bengaluru-1-to-3-years-080824500188,2026-05-31T14:55:17.757794+00:00
IDESLABS,,Bengaluru,,,recruitment,0,No,Hiring 1 role(s) (906d ago),Yes,No,No,1,906,,,,1,naukri,hiring_post,,,,,2023-12-06,naukri,https://www.naukri.com/job-listings-backend-developer-ideslabs-private-limited-bengaluru-3-to-7-years-061223502046,BackEnd Developer,https://www.naukri.com/job-listings-backend-developer-ideslabs-private-limited-bengaluru-3-to-7-years-061223502046,2026-05-31T14:55:17.757825+00:00
Talkinglands,,Bengaluru,,,recruitment,0,No,Hiring 1 role(s) (510d ago),Yes,No,No,1,510,,,,1,naukri,hiring_post,,,,,2025-01-06,naukri,https://www.naukri.com/job-listings-backend-developer-talkinglands-bengaluru-5-to-10-years-060125503736,Backend Developer,https://www.naukri.com/job-listings-backend-developer-talkinglands-bengaluru-5-to-10-years-060125503736,2026-05-31T14:55:17.757850+00:00
Acetrot,,Mumbai,,,recruitment,0,No,Hiring 1 role(s) (660d ago),Yes,No,No,1,660,,,,1,naukri,hiring_post,,,,,2024-08-09,naukri,https://www.naukri.com/job-listings-backend-developer-acetrot-mumbai-0-to-2-years-090824502206,Backend Developer,https://www.naukri.com/job-listings-backend-developer-acetrot-mumbai-0-to-2-years-090824502206,2026-05-31T14:55:17.758121+00:00
Lexlegis,,Mumbai,,,recruitment,0,No,Hiring 1 role(s) (167d ago),Yes,No,No,1,167,,,,1,naukri,hiring_post,,,,,2025-12-15,naukri,https://www.naukri.com/job-listings-mid-level-hr-tech-backend-developer-lexlegis-mumbai-4-to-6-years-151225501876,Mid-Level HR Tech Backend Developer,https://www.naukri.com/job-listings-mid-level-hr-tech-backend-developer-lexlegis-mumbai-4-to-6-years-151225501876,2026-05-31T14:55:17.758179+00:00
Bondsindia,,Mumbai,,,recruitment,0,No,Hiring 1 role(s) (167d ago),Yes,No,No,1,167,,,,1,naukri,hiring_post,,,,,2025-12-15,naukri,https://www.naukri.com/job-listings-backend-developer-bondsindia-mumbai-1-to-2-years-151225501424,Backend Developer,https://www.naukri.com/job-listings-backend-developer-bondsindia-mumbai-1-to-2-years-151225501424,2026-05-31T14:55:17.758206+00:00
Lastlocal,,Mumbai,,,recruitment,0,No,Hiring 1 role(s) (2252d ago),Yes,No,No,1,2252,,,,1,naukri,hiring_post,,,,,2020-03-30,naukri,https://www.naukri.com/job-listings-backend-developer-lastlocal-mumbai-2-to-7-years-300320501933,Backend Developer,https://www.naukri.com/job-listings-backend-developer-lastlocal-mumbai-2-to-7-years-300320501933,2026-05-31T14:55:17.758232+00:00
Planet Marathi,,Mumbai,,,recruitment,0,No,Hiring 1 role(s) (571d ago),Yes,No,No,1,571,,,,1,naukri,hiring_post,,,,,2024-11-06,naukri,https://www.naukri.com/job-listings-backend-developer-planet-marathi-mumbai-8-to-10-years-061124500728,Backend Developer,https://www.naukri.com/job-listings-backend-developer-planet-marathi-mumbai-8-to-10-years-061124500728,2026-05-31T14:55:17.758257+00:00
Itech-mentor,,Mumbai,,,recruitment,0,No,Hiring 1 role(s) (1045d ago),Yes,No,No,1,1045,,,,1,naukri,hiring_post,,,,,2023-07-21,naukri,https://www.naukri.com/job-listings-backend-developer-itechmentor-mumbai-1-to-2-years-210723502143,Backend Developer,https://www.naukri.com/job-listings-backend-developer-itechmentor-mumbai-1-to-2-years-210723502143,2026-05-31T14:55:17.758416+00:00
Billeasy E - Solutions,,Mumbai,,,recruitment,0,No,Hiring 1 role(s) (710d ago),Yes,No,No,1,710,,,,1,naukri,hiring_post,,,,,2024-06-20,naukri,https://www.naukri.com/job-listings-backend-developer-billeasy-mumbai-1-to-3-years-200624501402,Backend Developer,https://www.naukri.com/job-listings-backend-developer-billeasy-mumbai-1-to-3-years-200624501402,2026-05-31T14:55:17.758489+00:00
Styilit,,Mumbai,,,recruitment,0,No,Hiring 1 role(s) (440d ago),Yes,No,No,1,440,,,,1,naukri,hiring_post,,,,,2025-03-17,naukri,https://www.naukri.com/job-listings-frontend-backend-developer-styilit-mumbai-1-to-3-years-170325500898,Frontend & Backend Developer,https://www.naukri.com/job-listings-frontend-backend-developer-styilit-mumbai-1-to-3-years-170325500898,2026-05-31T14:55:17.758531+00:00
Nelito System,,Mumbai,,,recruitment,0,No,Hiring 1 role(s) (258d ago),Yes,No,No,1,258,,,,1,naukri,hiring_post,,,,,2025-09-15,naukri,https://www.naukri.com/job-listings-backend-developer-nelito-systems-ltd-mumbai-2-to-5-years-150925501788,Backend Developer,https://www.naukri.com/job-listings-backend-developer-nelito-systems-ltd-mumbai-2-to-5-years-150925501788,2026-05-31T14:55:17.758563+00:00
Synergics Solutions,,Mumbai,,,recruitment,0,No,Hiring 1 role(s) (634d ago),Yes,No,No,1,634,,,,1,naukri,hiring_post,,,,,2024-09-04,naukri,https://www.naukri.com/job-listings-backend-developer-synergics-solutions-private-limited-mumbai-3-to-5-years-040924501026,Backend Developer,https://www.naukri.com/job-listings-backend-developer-synergics-solutions-private-limited-mumbai-3-to-5-years-040924501026,2026-05-31T14:55:17.758591+00:00
Datagain,,Mumbai,,,recruitment,0,No,Hiring 1 role(s) (580d ago),Yes,No,No,1,580,,,,1,naukri,hiring_post,,,,,2024-10-28,naukri,https://www.naukri.com/job-listings-backend-developer-datagain-services-mumbai-5-to-10-years-281024502213,Backend Developer,https://www.naukri.com/job-listings-backend-developer-datagain-services-mumbai-5-to-10-years-281024502213,2026-05-31T14:55:17.758619+00:00
Edulab Inc,,Mumbai,,,recruitment,0,No,Hiring 1 role(s) (74d ago),Yes,No,No,1,74,,,,1,naukri,hiring_post,,,,,2026-03-18,naukri,https://www.naukri.com/job-listings-backend-developer-edulab-mumbai-2-to-3-years-180326500472,Backend Developer,https://www.naukri.com/job-listings-backend-developer-edulab-mumbai-2-to-3-years-180326500472,2026-05-31T14:55:17.758697+00:00
Mindspace Technologies,,Mumbai,,,recruitment,0,No,Hiring 1 role(s) (324d ago),Yes,No,No,1,324,,,,1,naukri,hiring_post,,,,,2025-07-11,naukri,https://www.naukri.com/job-listings-backend-developer-mindspace-technologies-mumbai-1-to-6-years-110725502151,Backend Developer,https://www.naukri.com/job-listings-backend-developer-mindspace-technologies-mumbai-1-to-6-years-110725502151,2026-05-31T14:55:17.758726+00:00
AMK Group,,Mumbai,,,recruitment,0,No,Hiring 1 role(s) (970d ago),Yes,No,No,1,970,,,,1,naukri,hiring_post,,,,,2023-10-04,naukri,https://www.naukri.com/job-listings-backend-developer-amk-group-mumbai-1-to-4-years-041023500209,Backend Developer,https://www.naukri.com/job-listings-backend-developer-amk-group-mumbai-1-to-4-years-041023500209,2026-05-31T14:55:17.758753+00:00
Acme Services,,Mumbai,,,recruitment,0,No,Hiring 1 role(s) (1194d ago),Yes,No,No,1,1194,,,,1,naukri,hiring_post,,,,,2023-02-21,naukri,https://www.naukri.com/job-listings-backend-developer-acme-services-mumbai-1-to-4-years-210223501781,Backend Developer,https://www.naukri.com/job-listings-backend-developer-acme-services-mumbai-1-to-4-years-210223501781,2026-05-31T14:55:17.758818+00:00
Shertech,,Mumbai,,,recruitment,0,No,Hiring 1 role(s) (332d ago),Yes,No,No,1,332,,,,1,naukri,hiring_post,,,,,2025-07-03,naukri,https://www.naukri.com/job-listings-developer-backend-node-shertech-information-services-mumbai-4-to-9-years-030725504941,Developer - Backend ( Node ),https://www.naukri.com/job-listings-developer-backend-node-shertech-information-services-mumbai-4-to-9-years-030725504941,2026-05-31T14:55:17.758846+00:00
Fresha,,Mumbai,,,recruitment,0,No,Hiring 1 role(s) (471d ago),Yes,No,No,1,471,,,,1,naukri,hiring_post,,,,,2025-02-14,naukri,https://www.naukri.com/job-listings-backend-and-frontend-developer-fresha-mumbai-1-to-3-years-140225500854,Backend and Frontend Developer,https://www.naukri.com/job-listings-backend-and-frontend-developer-fresha-mumbai-1-to-3-years-140225500854,2026-05-31T14:55:17.758871+00:00
Humanetics Innovative,,"Mumbai, Kolkata, New Delhi, Hyderabad, Pune, Chennai, Bengaluru",,,recruitment,0,No,Hiring 1 role(s) (865d ago),Yes,No,No,1,865,,,,1,naukri,hiring_post,,,,,2024-01-17,naukri,https://www.naukri.com/job-listings-software-engineer-backend-developer-humanetics-kolkata-mumbai-new-delhi-hyderabad-pune-chennai-bengaluru-1-to-3-years-170124502018,Software Engineer (Backend Developer),https://www.naukri.com/job-listings-software-engineer-backend-developer-humanetics-kolkata-mumbai-new-delhi-hyderabad-pune-chennai-bengaluru-1-to-3-years-170124502018,2026-05-31T14:55:17.758939+00:00
